tweets,senti,emotion
rt gurugobindsinghjayanti first time sikh histori panch pyre wear green turban support farmer p‚Ä¶,0.024999999999999994,POS
bjp leader turn sikh farmer protest start mr modiüòÇ,0.0,NEU
women steel lead way dure farmer protest ‡®®‡®ø‡®∏‡®ö‡©à‡®ï‡®∞‡®ø‡®Ö‡®™‡©Å‡®®‡©Ä‡®ú‡©Ä‡®§‡®ï‡®∞‡©ã,0.0,NEU
women steel lead way dure farmer protest warrior ‡®®‡®ø‡®∏‡®ö‡©à‡®ï‡®∞‡®ø‡®Ö‡®™‡©Å‡®®‡©Ä‡®ú‡©Ä‡®§‡®ï‡®∞‡©ã,0.0,NEU
rt ‚Äô believ ‚Äô made coupl famou get marri jatt usernam ‚Äô even post instagr‚Ä¶,0.0,NEU
rt first time histori pyar support farmer protest wear green turban gurpurab march standwithfarme‚Ä¶,0.024999999999999994,POS
rt prht ‡§™‡§§‡•ç‡§∞‡§ï‡§æ ‡§∏‡§æ‡§π‡§ø ‡§Æ‡•Å‡§∞‡§≤ ‡§Æ‡•á‡§Ç‡§ò‡§æ‡§® ‡§® ‡§ú‡§®‡§µ‡§∞ ‡§ï ‡§ü‡§ø‡§ï‡§∞ ‡§¨‡•â‡§∞‡•ç‡§° ‡§ï ‡§è ‡§µ‡•Ä‡§°‡§ø‡§Ø ‡§ü‡•ç‡§µ‡•Ä ‡§ï‡§ø‡§Ø ‡§•‡§æ ‡§ü‡•ç‡§µ‡•Ä ‡§ï ‡§Æ‡•Å‡§§‡§æ‡§¨‡§ø‡§ï ‡§Ö‡§≤‡§ó ‡§Ö‡§≤ ‡§ß‡§∞‡•ç ‡§ï ‡§Æ‚Ä¶,0.0,NEU
rt ‡®®‡®ø‡®∏‡®ö‡©à‡®ï‡®∞‡®ø‡®Ö‡®™‡©Å‡®®‡©Ä‡®ú‡©Ä‡®§‡®ï‡®∞‡©ã talk farmer govern date remain inconclus score‚Ä¶,0.0,NEU
nope farmer protest cant end till peopl like u r misguid innoc farmer u congi,0.0,NEU
rt farmersprotest lac farmer delhi ‚Äô border brought focu rang issu agricultur india thi‚Ä¶,0.0,NEU
rt protest ha go th consecut day thi slap face ‚Äú world ‚Äô biggest democraci de‚Ä¶,0.0,NEU
rt protest thousand farmer delhi ‚Äô border brought focu rang issu agricultur india‚Ä¶,0.0,NEU
rt pardeep singh dairi farm owner ludhiana said wa among first lot reach delhi ‚Äô border novemb ‚Ä¶,0.25,POS
rt world largest protest happen largest democraci democraci ‡®®‡®ø‡®∏‡®ö‡©à‡®ï‡®∞‡®ø‡®Ö‡®™‡©Å‡®®‡©Ä‡®ú‡©Ä‡®§‡®ï‡®∞,0.0,NEU
rt thi illeg construct farmer protest site delhi kindli look matter thi u‚Ä¶,0.0,NEU
rt thi farmer protest ha rock moti ji big time amp self goal anoth power fa‚Ä¶,0.0,NEU
dkaul brother cousin sit cold outer skirt new delhi farm,-0.2318181818181818,NEG
rt bear ‡§∂‡•á‡§Ø ‡§ï‡§ø ‡§ú ‡§∞‡§π ‡§è ‡§µ‡•Ä‡§°‡§ø‡§Ø ‡§ï ‡§∏‡§æ ‡§¶‡§æ‡§µ ‡§ï‡§ø‡§Ø ‡§ú ‡§∞‡§π ‡§π ‡§ï ‡§Ø ‡§ï‡§ø‡§∏‡§æ ‡§π‡•à ‡§ú ‡§Ö‡§®‡§æ ‡§∏‡§°‡§º ‡§∞‡§π ‡§π‡•à‡§Ç ‡§Æ‡§æ‡§≤‡•Ç ‡§ö‡§≤ ‡§ï ‡§Ø ‡§¶ ‡§∏‡§æ ‡§™‡•Å‡§∞‡§æ‡§® ‡§µ‡•Ä‡§°‡§ø‚Ä¶,0.0,NEU
pharm dharma,0.0,NEU
anudina news bulletin newsfarm protest news,0.0,NEU
gurugobindsinghjayanti first time sikh histori panch pyre wear green turban support f,0.024999999999999994,POS
dixit pl organis massiv protest like current farmer protest onli cri babi get fed india,0.0,NEU
rt ask ye send invit speak a‚Ä¶,0.0,NEU
rt pain clear india ha invest heavili pakistani media even farmer protest be‚Ä¶,0.10000000000000002,POS
pain clear india ha invest heavili pakistani media even farmer protest,0.10000000000000002,POS
farmer protest amit shah plan januari dr manish kumar capi via,0.0,NEU
rt u slow clap rs journal accord u cricket match import thn life farmers‚Ä¶,-0.30000000000000004,NEG
sehgal daughter farmer belong utter pardesh k,0.0,NEU
rt btm held preliminari meet koramangala discuss prepar tomorrow ‚Äô ‚Äò raj bhavan chalo mass protest support of‚Ä¶,0.0,NEU
left ya right love badass woman indian soil super fiestyüî• intern shooter poonam pandit,0.27976190476190477,POS
rt chandi inaugur march rajbhavan solidar india farmer protest bjp govern anti farme‚Ä¶,0.0,NEU
rt farmer protest nutshel üòÇ,0.0,NEU
rt hope thi farmer ‚Äô protest remain peac protest onli turn riot like last year delhi riot even t‚Ä¶,0.0,NEU
hope thi farmer ‚Äô protest remain peac protest onli turn riot like last year delhi riot eve,0.0,NEU
ohh realli speak much english someon u hire tweet clown happend farmer protest,0.0,NEU
tandav ne ik realiti bhut ash se dikhai gai farmer protest ko khatam ja daban,0.0,NEU
probe fake trp case fail miser new invent privat gossip find cord rogu regim,-0.2878787878787879,NEG
hasnt amend still law doesnt includ ani minor doe,-0.05,NEG
whi drag religion farmer protest,-0.1,NEG
rt kg mani react team india win farmer protest noth game reaction‚Ä¶,0.2,POS
ad realli facil given paid protest otherwis c,0.0,NEU
thought move piec farmer protest india unfortun overshadow world news,0.0,NEU
rt chief take part protest farmlaw mumbai azad maidan th jan mva g‚Ä¶,0.0,NEU
rt com mouth platitud farmer protest india justin trudeau ‚Äô polic crack protestor toronto https‚Ä¶,0.0,NEU
govt india must impos temp suspens social media platform amidst call farmer protest,0.03333333333333333,POS
farmer made veri clear person fight,0.10000000000000002,POS
rt daata whi r u assum us sikh r nt w‚Ä¶,0.0,NEU
rt ncp chief sharad pawar take part protest farm law mumbai azad maidan th jan mva govt support‚Ä¶,0.0,NEU
rt punam paridhan mantri ji india dure farmer australia protest,0.0,NEU
daata whi r u assum us sikh r nt,0.0,NEU
protest web seri tandav like farmer protest peopl ha reason come prote,0.0,NEU
basic say forget close hundr farmer die sinc farmer protest star,0.0,NEU
rt havent watch seri viral clip definit work fiction farmer protest aazadi s‚Ä¶,0.0,NEU
mani react team india win farmer protest noth game r,0.2,POS
yukti madam sgayad dalit ko hindu se alg maanti hain isliy dono bat alg alg likhi hainor illeag pr,0.0,NEU
rt speak nia investig khalistani activ farmer protest kisanandolan https‚Ä¶,0.0,NEU
‚Äô believ ‚Äô made coupl famou get marri jatt usernam ‚Äô even post,0.0,NEU
‚Äô betterif u manag covid crisi uk rather talk farmer protest time n ag,0.0,NEU
farmer protest amit shah plan januari dr manish kumar capi ‡§ï ‡§¶‡•ç‡§µ‡§æ‡§∞‡§æ,0.0,NEU
rt trust pseudo gora write worst post gabba piec random stuff farmer protest‚Ä¶,-0.75,NEG
